species,cu_branch_length
Crypturellus_undulatus,78.181662801524
Crypturellus_cinnamomeus,78.181662801524
Crypturellus_soui,73.62826102898384
Tinamus_guttatus,68.19664490626384
Nothocercus_nigrocapillus,70.80310100021367
Nothocercus_julius,70.80310100021367
Nothoprocta_pentlandii,77.02922535468086
Nothoprocta_ornata,77.02922535468086
Nothoprocta_perdicaria,70.43194954690887
Eudromia_elegans,62.97359238256099
Rhea_pennata,62.37278621697383
Rhea_americana,62.37278621697383
Apteryx_rowi,62.066494927949414
Apteryx_australis,62.066494927949414
Apteryx_owenii,62.84607692031132
Apteryx_haastii,62.84607692031132
Dromaius_novaehollandiae,60.29328594377445
Casuarius_casuarius,60.29328594377445
Struthio_camelus,50.20949943042711
Piaya_cayana,70.944497473549
Ceuthmochares_aereus,70.944497473549
Cuculus_canorus,64.980778112789
Centropus_unirufus,66.04203690801226
Centropus_bengalensis,66.04203690801226
Crotophaga_sulcirostris,58.53970676277204
Geococcyx_californianus,58.53970676277204
Chlamydotis_macqueenii,56.026197483513265
Ardeotis_kori,56.026197483513265
Lophotis_ruficrista,54.84356253250389
Corythaixoides_concolor,58.56084252453081
Corythaeola_cristata,58.56084252453081
Tauraco_erythrolophus,53.93877108029851
Patagioenas_fasciata,60.43279137246488
Columba_livia,60.43279137246488
Columbina_picui,54.520558003825975
Caloenas_nicobarica,55.00854062596005
Alopecoenas_beccarii,55.00854062596005
Syrrhaptes_paradoxus,57.06140695653881
Pterocles_gutturalis,57.06140695653881
Pterocles_burchelli,55.968790259358556
Mesitornis_unicolor,47.50695691742873
Grus_americana,64.40372875962845
Balearica_regulorum,64.40372875962845
Aramus_guarauna,59.45252075033919
Psophia_crepitans,53.89708326553989
Zapornia_atra,65.17035969201406
Atlantisia_rogersi,65.17035969201406
Heliornis_fulica,57.979701893845096
Larus_smithsonianus,75.00280679311243
Chroicocephalus_maculipennis,75.00280679311243
Rissa_tridactyla,74.26489119796938
Rynchops_niger,69.17688255884482
Phaetusa_simplex,69.17688255884482
Uria_lomvia,78.7597520541764
Uria_aalge,78.7597520541764
Alca_torda,74.37051884307758
Cepphus_grylle,71.43032834106809
Stercorarius_parasiticus,66.27294271169394
Rhinoptilus_africanus,67.99619336482114
Glareola_pratincola,67.99619336482114
Dromas_ardeola,64.14864992874568
Turnix_velox,56.693402863508645
Rostratula_benghalensis,76.13360886633444
Nycticryphes_semicollaris,76.13360886633444
Jacana_jacana,70.2667483457221
Thinocorus_orbignyianus,71.4036741305999
Pedionomus_torquatus,71.4036741305999
Calidris_pugnax,70.65621162864853
Arenaria_interpres,70.65621162864853
Limosa_lapponica,65.58563848586839
Ibidorhyncha_struthersii,64.69055755875345
Himantopus_himantopus,64.69055755875345
Charadrius_vociferus,63.663513494645905
Charadrius_alexandrinus,63.663513494645905
Pluvianellus_socialis,64.81202522313444
Chionis_minor,64.81202522313444
Burhinus_bistriatus,57.174343957225084
Opisthocomus_hoazin,47.12197801379051
Oreotrochilus_melanogaster,60.46872231342362
Calypte_anna,60.46872231342362
Hemiprocne_comata,60.23526931542246
Chaetura_pelagica,60.23526931542246
Aegotheles_bennettii,49.78322807542183
Podargus_strigoides,47.92807185868906
Nyctibius_grandis,53.898669965604
Nyctibius_bracteatus,53.898669965604
Steatornis_caripensis,47.82834908818
Chordeiles_acutipennis,55.72957470489577
Antrostomus_carolinensis,55.72957470489577
Nyctiprogne_leucopyga,54.44358380857255
Phalacrocorax_brasilianus,69.16855508886233
Phalacrocorax_auritus,69.16855508886233
Phalacrocorax_harrisi,67.80643359630673
Phalacrocorax_pelagicus,65.28284343921923
Phalacrocorax_carbo,65.28284343921923
Anhinga_rufa,63.78350972329951
Anhinga_anhinga,63.78350972329951
Sula_dactylatra,55.03441722264624
Fregata_magnificens,49.955956982723364
Scopus_umbretta,52.50834803610041
Pelecanus_crispus,52.50834803610041
Balaeniceps_rex,52.42995953911034
Egretta_garzetta,56.55934844432447
Cochlearius_cochlearius,56.55934844432447
Nipponia_nippon,53.694492097496365
Mesembrinibis_cayennensis,53.694492097496365
Ciconia_maguari,48.09590122701042
Pelecanoides_urinatrix,57.9370506237093
Calonectris_borealis,57.9370506237093
Fulmarus_glacialis,56.85351014094805
Hydrobates_tethys,51.96329859758655
Oceanites_oceanicus,56.618042141141785
Fregetta_grallaria,56.618042141141785
Thalassarche_chlororhynchos,50.22470904639667
Pygoscelis_adeliae,55.567195205150625
Aptenodytes_forsteri,55.567195205150625
Gavia_stellata,47.51965408645639
Rhynochetos_jubatus,54.92086327011567
Eurypyga_helias,54.92086327011567
Phaethon_lepturus,47.49521791921122
Spizaetus_tyrannus,68.5114544691116
Aquila_chrysaetos,68.5114544691116
Haliaeetus_leucocephalus,71.35528184123824
Haliaeetus_albicilla,71.35528184123824
Circaetus_pectoralis,62.38899787059466
Pandion_haliaetus,56.15864021326655
Sagittarius_serpentarius,51.107170970234556
Cathartes_aura,48.20198360662853
Strix_occidentalis,61.421738574670634
Ciccaba_nigrolineata,61.421738574670634
Glaucidium_brasilianum,56.17925748110203
Tyto_alba,49.84112640671419
Semnornis_frantzii,74.30012595325698
Ramphastos_sulfuratus,74.30012595325698
Eubucco_bourcierii,73.2493266366505
Tricholaema_leucomelas,66.74313806157298
Psilopogon_haemacephalus,65.52649435110025
Indicator_maculatus,64.62740723176397
Picoides_pubescens,64.62740723176397
Galbula_dea,55.74517218798456
Bucco_capensis,55.74517218798456
Halcyon_senegalensis,66.08097695918437
Chloroceryle_aenea,66.08097695918437
Ceyx_cyanopectus,65.49358999768884
Baryphthengus_martii,59.600142391851044
Todus_mexicanus,57.246264027444
Eurystomus_gularis,59.88592764702822
Brachypteracias_leptosomus,59.88592764702822
Merops_nubicus,54.50430503695137
Upupa_epops,58.0787834441513
Rhinopomastus_cyanomelas,58.0787834441513
Bucorvus_abyssinicus,57.363225321254234
Buceros_rhinoceros,57.363225321254234
Trogon_melanurus,56.52570514018783
Apaloderma_vittatum,56.52570514018783
Leptosomus_discolor,48.20652969876901
Urocolius_indicus,56.32392931308632
Colius_striatus,56.32392931308632
Chunga_burmeisteri,55.94939056410776
Cariama_cristata,55.94939056410776
Falco_peregrinus,63.89479572333584
Falco_cherrug,63.89479572333584
Herpetotheres_cachinnans,54.88767549655872
Melopsittacus_undulatus,69.75374576707912
Agapornis_roseicollis,69.75374576707912
Amazona_guildingii,65.43741610432004
Probosciger_aterrimus,66.7976871421315
Eolophus_roseicapillus,66.7976871421315
Nestor_notabilis,56.28970161490519
Tyrannus_savana,76.08217488251498
Mionectes_macconnelli,76.08217488251498
Tachuris_rubrigastra,75.86508425898236
Neopipo_cinnamomea,75.7770562999502
Piprites_chloris,74.96176773492105
Oxyruncus_cristatus,73.48951054564084
Onychorhynchus_coronatus,73.48951054564084
Pachyramphus_minor,73.21500869902391
Cephalopterus_ornatus,72.72212466841944
Manacus_manacus,79.89937270002083
Lepidothrix_coronata,79.89937270002083
Xiphorhynchus_elegans,90.16855718024316
Campylorhamphus_procurvoides,90.16855718024316
Furnarius_figulus,83.2328767824001
Sclerurus_mexicanus,80.73263366220313
Formicarius_rufipectus,74.81595665660792
Scytalopus_superciliaris,74.4480599875215
Grallaria_varia,72.91151102384714
Sakesphorus_luctuosus,79.16487479388321
Rhegmatorhina_hoffmannsi,79.16487479388321
Smithornis_capensis,72.15481594044601
Calyptomena_viridis,72.15481594044601
Pitta_sordida,69.22338432591039
Sapayoa_aenigma,69.22338432591039
Serilophus_lunatus,73.77994430660141
Neodrepanis_coruscans,73.77994430660141
Menura_novaehollandiae,70.36926124082113
Atrichornis_clamosus,70.36926124082113
Ptilonorhynchus_violaceus,68.73735102299088
Climacteris_rufus,68.73735102299088
Pardalotus_punctatus,79.27566316573788
Origma_solitaria,79.27566316573788
Grantiella_picta,77.35710248821854
Dasyornis_broadbenti,76.88889023008286
Malurus_elegans,74.744992316369
Pomatostomus_ruficeps,74.41981775280821
Orthonyx_spaldingii,74.41981775280821
Vireo_altiloquus,84.6709800690702
Erpornis_zantholeuca,84.6709800690702
Pteruthius_melanotis,81.0158446760362
Oreocharis_arfaki,77.98920313151865
Oriolus_oriolus,78.01288941136089
Pachycephala_philippinensis,78.01288941136089
Falcunculus_frontatus,78.5766643933519
Aleadryas_rufinucha,78.5766643933519
Eulacestoma_nigropectus,77.65341818815159
Daphoenositta_chrysoptera,77.34778641038363
Mystacornis_crossleyi,83.29837694212686
Dyaphorophyia_castanea,83.29837694212686
Dryoscopus_gambensis,82.73629942710056
Rhagologus_leucostigma,81.54882451764416
Gymnorhina_tibicen,80.94089299260362
Machaerirhynchus_nigripectus,80.7742642720033
Mohoua_ochrocephala,77.29270058652398
Corvus_cornix,99.81573795917473
Corvus_brachyrhynchos,99.81573795917473
Corvus_moneduloides,96.15650617652665
Aphelocoma_coerulescens,89.81306192191413
Lanius_ludovicianus,83.2374920025478
Paradisaea_raggiana,81.67709346133033
Ifrita_kowaldi,81.67709346133033
Struthidea_cinerea,81.55048015865368
Myiagra_hebetior,81.49124105636406
Dicrurus_megarhynchus,81.0654324046243
Rhipidura_dahli,83.02793070169389
Chaetorhynchus_papuensis,83.02793070169389
Edolisoma_coerulescens,77.14688203381317
Ptilorrhoa_leucosticta,76.44403839002294
Notiomystis_cincta,78.2398473819376
Callaeas_wilsoni,78.2398473819376
Picathartes_gymnocephalus,82.15590848166767
Chaetops_frenatus,82.15590848166767
Drymodes_brunneopygia,77.3779247748806
Leiothrix_lutea,89.59125159103861
Illadopsis_cleaveri,89.59125159103861
Pomatorhinus_ruficollis,89.27206756090817
Zosterops_lateralis,98.126750090345
Zosterops_hypoxanthus,98.126750090345
Sterrhoptilus_dennistouni,94.30875104358212
Sylvia_borin,95.71928790571256
Sylvia_atricapilla,95.71928790571256
Sinosuthora_webbiana,89.88751571308549
Pycnonotus_jocosus,92.17264918333031
Brachypodius_atriceps,92.17264918333031
Horornis_vulcanius,94.28649882545287
Cettia_cetti,94.28649882545287
Erythrocercus_mccallii,89.2552316492472
Aegithalos_caudatus,88.1193813878435
Hylia_prasina,87.74110695313287
Rhadina_sibilatrix,92.80423768150104
Phylloscopus_trochilus,92.80423768150104
Hirundo_rustica,85.90791821779929
Donacobius_atricapilla,87.6369658261196
Oxylabes_madagascariensis,87.6369658261196
Locustella_ochotensis,87.4339091283687
Hippolais_icterina,91.63451952040714
Acrocephalus_arundinaceus,91.63451952040714
Cisticola_juncidis,85.703726758436
Sylvietta_virens,85.0767305557136
Nicator_chloris,84.21066248301858
Panurus_biarmicus,84.89990457721052
Alaudala_cheleensis,84.89990457721052
Pseudopodoces_humilis,93.80144661674831
Parus_major,93.80144661674831
Poecile_atricapillus,91.23201005713874
Anthoscopus_minutus,83.58222790354114
Saxicola_maurus,100.64925334447524
Oenanthe_oenanthe,100.64925334447524
Ficedula_albicollis,96.598713839087
Erithacus_rubecula,95.80446310019236
Copsychus_sechellarum,97.91732426393105
Cercotrichas_coryphaeus,97.91732426393105
Catharus_fuscescens,88.2971771790111
Cinclus_mexicanus,86.83685015213297
Sturnus_vulgaris,99.5259284495151
Leucopsar_rothschildi,99.5259284495151
Rhabdornis_inornatus,92.02624510326838
Toxostoma_redivivum,91.34242049930906
Buphagus_erythrorhynchus,91.02836855016362
Elachura_formosa,81.93658984569298
Certhia_familiaris,92.51587880039342
Certhia_brachydactyla,92.51587880039342
Thryothorus_ludovicianus,90.25612602044194
Polioptila_caerulea,90.25612602044194
Sitta_europaea,83.87418718560649
Tichodroma_muraria,83.6217613006745
Regulus_satrapa,81.4828496850391
Phainopepla_nitens,87.12914396930151
Bombycilla_garrulus,87.12914396930151
Taeniopygia_guttata,99.62947777297208
Lonchura_striata,99.62947777297208
Vidua_macroura,99.85381077961398
Vidua_chalybeata,99.85381077961398
Ploceus_nigricollis,89.66055884918009
Urocynchramus_pylzowi,87.74727165353983
Quiscalus_mexicanus,102.02703940482954
Molothrus_ater,102.02703940482954
Agelaius_phoeniceus,101.30606084594677
Setophaga_kirtlandii,101.39743717392565
Setophaga_coronata,101.39743717392565
Zonotrichia_albicollis,101.65477904549303
Junco_hyemalis,101.65477904549303
Melospiza_melodia,98.21130789586356
Spizella_passerina,96.6762602983136
Sporophila_hypoxantha,95.94680690298102
Geospiza_fortis,95.94680690298102
Nesospiza_acunhae,95.71303583668639
Passerina_amoena,97.52637955181464
Cardinalis_cardinalis,97.52637955181464
Pheucticus_melanocephalus,97.40176341172156
Emberiza_fucata,93.91241560434841
Calcarius_ornatus,93.91241560434841
Rhodinocichla_rosea,93.61568745758706
Loxia_leucoptera,108.97389154749412
Loxia_curvirostra,108.97389154749412
Serinus_canaria,103.29879869596283
Hemignathus_wilsoni,107.11478576800044
Chlorodrepanis_virens,107.11478576800044
Motacilla_alba,90.3370416812772
Hypocryptadius_cinnamomeus,91.04246568129119
Passer_domesticus,91.04246568129119
Prunella_himalayana,94.07641129124244
Prunella_fulvescens,94.07641129124244
Peucedramus_taeniatus,86.64854670366128
Irena_cyanogastra,85.11347029145332
Chloropsis_hardwickii,90.88988884742565
Chloropsis_cyanopogon,90.88988884742565
Leptocoma_aspasia,86.87718359654389
Dicaeum_eximium,86.87718359654389
Promerops_cafer,82.69282389570523
Melanocharis_versteri,76.63121508951149
Cnemophilus_loriae,76.42834956191953
Acanthisitta_chloris,55.225934992848686
Podilymbus_podiceps,56.96140552932585
Podiceps_cristatus,56.96140552932585
Phoenicopterus_ruber,50.05355055755411
Anas_zonorhyncha,61.21157442026863
Anas_platyrhynchos,61.21157442026863
Asarcornis_scutulata,56.57414735752363
Cairina_moschata,55.78586674837563
Anser_cygnoid,49.11613998721289
Anseranas_semipalmata,40.99864434587563
Chauna_torquata,37.715192894724865
Alectura_lathami,27.487576832346704
Penelope_pileata,23.84071363250148
Numida_meleagris,16.041107016704547
Tympanuchus_cupido,28.929159750236543
Meleagris_gallopavo,28.929159750236543
Phasianus_colchicus,27.37990248437456
Coturnix_japonica,21.721910862316154
Gallus_gallus,21.721910862316154
Odontophorus_gujanensis,6.801661661366489
Colinus_virginianus,0.0
Callipepla_squamata,0.0
